id,price,sale_price,title,link,image_link,brand,description,condition,product_type,availability
14792613,3300.0 RUB,951.0 RUB,Гель для стирки белья универсальный SYNERGETIC 5 л 165 стирок,https://www.wildberries.ru/catalog/14792613/detail.aspx/?targetUrl=EX,https://basket-02.wbbasket.ru/vol147/part14792/14792613/images/big/1.webp,SYNERGETIC,"SYNERGETIC для стирки — натуральный, биоразлагаемый и гипоаллергенный. Подходит даже людям с чувствительной кожей. Полностью выполаскивается из волокон ткани на 100%. Помогает вещам сохранить первоначальный вид. Канистры хватит надолго",new,Стирка,in stock
14792614,3300.0 RUB,951.0 RUB,"Гель для стирки детского белья SYNERGETIC, 5 л",https://www.wildberries.ru/catalog/14792614/detail.aspx/?targetUrl=EX,https://basket-02.wbbasket.ru/vol147/part14792/14792614/images/big/1.webp,SYNERGETIC,"SYNERGETIC для стирки — натуральный, биоразлагаемый и гипоаллергенный. Подходит даже людям с чувствительной кожей. Полностью выполаскивается из волокон ткани на 100%. Помогает вещам сохранить первоначальный вид. Канистры хватит надолго",new,Стирка,in stock
14793789,2015.0 RUB,500.0 RUB,"Кондиционер для белья SYNERGETIC «Аромамагия» 5л, 165 стирок, гипоаллергенный",https://www.wildberries.ru/catalog/14793789/detail.aspx/?targetUrl=EX,https://basket-02.wbbasket.ru/vol147/part14793/14793789/images/big/1.webp,SYNERGETIC,"Гипоаллергенный кондиционер бережно ухаживает за всеми типами ткани, придает особую мягкость белью и антистатический эффект. Комплекс растительных К-тензидов обеспечивает легкую глажку белья. Натуральные эфирные масла придают нежный аромат",new,Кондиционеры,in stock
14793790,2015.0 RUB,514.0 RUB,"Кондиционер для белья детский SYNERGETIC 5л, 165 стирок, гипоаллергенный",https://www.wildberries.ru/catalog/14793790/detail.aspx/?targetUrl=EX,https://basket-02.wbbasket.ru/vol147/part14793/14793790/images/big/1.webp,SYNERGETIC,"Гипоаллергенный кондиционер бережно ухаживает за всеми типами ткани, придает особую мягкость белью и антистатический эффект. Комплекс растительных К-тензидов обеспечивает легкую глажку белья. Натуральные эфирные масла придают нежный аромат",new,Кондиционеры,in stock
14793796,2015.0 RUB,596.0 RUB,"Кондиционер для белья SYNERGETIC «Миндальное молочко» 5л, 165 стирок, гипоаллергенный",https://www.wildberries.ru/catalog/14793796/detail.aspx/?targetUrl=EX,https://basket-02.wbbasket.ru/vol147/part14793/14793796/images/big/1.webp,SYNERGETIC,"Гипоаллергенный кондиционер бережно ухаживает за всеми типами ткани, придает особую мягкость белью и антистатический эффект. Комплекс растительных К-тензидов обеспечивает легкую глажку белья. Натуральные эфирные масла придают нежный аромат",new,Кондиционеры,in stock
32193384,4099.0 RUB,1393.0 RUB,Гель для стирки SYNERGETIC 2в1 с пятновыводителем 5л + Кондиционер «Райский сад» 5л,https://www.wildberries.ru/catalog/32193384/detail.aspx/?targetUrl=EX,https://basket-03.wbbasket.ru/vol321/part32193/32193384/images/big/1.webp,SYNERGETIC,"SYNERGETIC для стирки — натуральный, биоразлагаемый и гипоаллергенный. Подходит даже людям с чувствительной кожей. Полностью выполаскивается из волокон ткани на 100%. Помогает вещам сохранить первоначальный вид. Канистры хватит надолго",new,Стирка,in stock
32193391,4099.0 RUB,1393.0 RUB,Гель для стирки SYNERGETIC 2в1 с пятновыводителем 5л + Кондиционер для белья 5л «Аромамагия»,https://www.wildberries.ru/catalog/32193391/detail.aspx/?targetUrl=EX,https://basket-03.wbbasket.ru/vol321/part32193/32193391/images/big/1.webp,SYNERGETIC,"SYNERGETIC для стирки — натуральный, биоразлагаемый и гипоаллергенный. Подходит даже людям с чувствительной кожей. Полностью выполаскивается из волокон ткани на 100%. Помогает вещам сохранить первоначальный вид. Канистры хватит надолго",new,Стирка,in stock
122918906,2015.0 RUB,514.0 RUB,"Кондиционер для белья SYNERGETIC «Магическая орхидея» 5л, 165 стирок, гипоаллергенный",https://www.wildberries.ru/catalog/122918906/detail.aspx/?targetUrl=EX,https://basket-09.wbbasket.ru/vol1229/part122918/122918906/images/big/1.webp,SYNERGETIC,"Гипоаллергенный кондиционер бережно ухаживает за всеми типами ткани, придает особую мягкость белью и антистатический эффект. Комплекс растительных К-тензидов обеспечивает легкую глажку белья. Натуральные эфирные масла придают нежный аромат",new,Кондиционеры,in stock
152338483,4099.0 RUB,1393.0 RUB,Гель для стирки SYNERGETIC 2в1 с пятновыводителем 5л + Кондиционер «Реликтовый лес» 5л,https://www.wildberries.ru/catalog/152338483/detail.aspx/?targetUrl=EX,https://basket-10.wbbasket.ru/vol1523/part152338/152338483/images/big/1.webp,SYNERGETIC,"SYNERGETIC для стирки — натуральный, биоразлагаемый и гипоаллергенный. Подходит даже людям с чувствительной кожей. Полностью выполаскивается из волокон ткани на 100%. Помогает вещам сохранить первоначальный вид. Канистры хватит надолго",new,Стирка,in stock
162245812,5999.0 RUB,1575.0 RUB,"Гель для стирки белья универсальный SYNERGETIC 5л+5л, 330 стирок",https://www.wildberries.ru/catalog/162245812/detail.aspx/?targetUrl=EX,https://basket-11.wbbasket.ru/vol1622/part162245/162245812/images/big/1.webp,SYNERGETIC,"SYNERGETIC для стирки — натуральный, биоразлагаемый и гипоаллергенный. Подходит даже людям с чувствительной кожей. Полностью выполаскивается из волокон ткани на 100%. Помогает вещам сохранить первоначальный вид. Канистры хватит надолго",new,Стирка,in stock
162256195,5999.0 RUB,1575.0 RUB,"Гель для стирки SYNERGETIC 2в1 с пятновыводителем 5л+5л, 330 стирок",https://www.wildberries.ru/catalog/162256195/detail.aspx/?targetUrl=EX,https://basket-11.wbbasket.ru/vol1622/part162256/162256195/images/big/1.webp,SYNERGETIC,"SYNERGETIC для стирки — натуральный, биоразлагаемый и гипоаллергенный. Подходит даже людям с чувствительной кожей. Полностью выполаскивается из волокон ткани на 100%. Помогает вещам сохранить первоначальный вид. Канистры хватит надолго",new,Стирка,in stock
162266940,4000.0 RUB,1034.0 RUB,"Кондиционер для белья детский SYNERGETIC 5л + 5л, 330 стирок, гипоаллергенный",https://www.wildberries.ru/catalog/162266940/detail.aspx/?targetUrl=EX,https://basket-11.wbbasket.ru/vol1622/part162266/162266940/images/big/1.webp,SYNERGETIC,"Гипоаллергенный кондиционер бережно ухаживает за всеми типами ткани, придает особую мягкость белью и антистатический эффект. Комплекс растительных К-тензидов обеспечивает легкую глажку белья. Натуральные эфирные масла придают нежный аромат",new,Кондиционеры,in stock
162319161,4000.0 RUB,1034.0 RUB,"Кондиционер для белья SYNERGETIC «Аромамагия» 5л + 5л, 330 стирок, гипоаллергенный",https://www.wildberries.ru/catalog/162319161/detail.aspx/?targetUrl=EX,https://basket-11.wbbasket.ru/vol1623/part162319/162319161/images/big/1.webp,SYNERGETIC,"Гипоаллергенный кондиционер бережно ухаживает за всеми типами ткани, придает особую мягкость белью и антистатический эффект. Комплекс растительных К-тензидов обеспечивает легкую глажку белья. Натуральные эфирные масла придают нежный аромат",new,Кондиционеры,in stock
162322583,4000.0 RUB,1034.0 RUB,"Кондиционер для белья SYNERGETIC «Лавандовое поле» 5л + 5л, 330 стирок, гипоаллергенный",https://www.wildberries.ru/catalog/162322583/detail.aspx/?targetUrl=EX,https://basket-11.wbbasket.ru/vol1623/part162322/162322583/images/big/1.webp,SYNERGETIC,"Гипоаллергенный кондиционер бережно ухаживает за всеми типами ткани, придает особую мягкость белью и антистатический эффект. Комплекс растительных К-тензидов обеспечивает легкую глажку белья. Натуральные эфирные масла придают нежный аромат",new,Кондиционеры,in stock
162385485,4000.0 RUB,1034.0 RUB,"Кондиционер для белья SYNERGETIC «Магическая орхидея» 5л + 5л, 330 стирок, гипоаллергенный",https://www.wildberries.ru/catalog/162385485/detail.aspx/?targetUrl=EX,https://basket-11.wbbasket.ru/vol1623/part162385/162385485/images/big/1.webp,SYNERGETIC,"Гипоаллергенный кондиционер бережно ухаживает за всеми типами ткани, придает особую мягкость белью и антистатический эффект. Комплекс растительных К-тензидов обеспечивает легкую глажку белья. Натуральные эфирные масла придают нежный аромат",new,Кондиционеры,in stock
162395530,4000.0 RUB,1034.0 RUB,"Кондиционер для белья SYNERGETIC «Реликтовый лес» 5л + 5л, 330 стирок, гипоаллергенный",https://www.wildberries.ru/catalog/162395530/detail.aspx/?targetUrl=EX,https://basket-11.wbbasket.ru/vol1623/part162395/162395530/images/big/1.webp,SYNERGETIC,"Гипоаллергенный кондиционер бережно ухаживает за всеми типами ткани, придает особую мягкость белью и антистатический эффект. Комплекс растительных К-тензидов обеспечивает легкую глажку белья. Натуральные эфирные масла придают нежный аромат",new,Кондиционеры,in stock
194015709,3300.0 RUB,842.0 RUB,"Гель для стирки SYNERGETIC 3 IN 1 «Магическая орхидея», 5 л",https://www.wildberries.ru/catalog/194015709/detail.aspx/?targetUrl=EX,https://basket-13.wbbasket.ru/vol1940/part194015/194015709/images/big/1.webp,SYNERGETIC,"SYNERGETIC для стирки — натуральный, биоразлагаемый и гипоаллергенный. Подходит даже людям с чувствительной кожей. Полностью выполаскивается из волокон ткани на 100%. Помогает вещам сохранить первоначальный вид. Канистры хватит надолго",new,Стирка,in stock
194018657,5999.0 RUB,1575.0 RUB,"Гель для стирки SYNERGETIC 3 IN 1 «Магическая орхидея», 5л+5л, 330 стирок",https://www.wildberries.ru/catalog/194018657/detail.aspx/?targetUrl=EX,https://basket-13.wbbasket.ru/vol1940/part194018/194018657/images/big/1.webp,SYNERGETIC,"SYNERGETIC для стирки — натуральный, биоразлагаемый и гипоаллергенный. Подходит даже людям с чувствительной кожей. Полностью выполаскивается из волокон ткани на 100%. Помогает вещам сохранить первоначальный вид. Канистры хватит надолго",new,Стирка,in stock
194020372,3300.0 RUB,842.0 RUB,"Гель для стирки SYNERGETIC UNIVERSAL «Бескрайний океан», 5 л",https://www.wildberries.ru/catalog/194020372/detail.aspx/?targetUrl=EX,https://basket-13.wbbasket.ru/vol1940/part194020/194020372/images/big/1.webp,SYNERGETIC,"SYNERGETIC для стирки — натуральный, биоразлагаемый и гипоаллергенный. Подходит даже людям с чувствительной кожей. Полностью выполаскивается из волокон ткани на 100%. Помогает вещам сохранить первоначальный вид. Канистры хватит надолго",new,Стирка,in stock
210255664,1499.0 RUB,482.0 RUB,"Мыло-пенка для рук и тела SYNERGETIC, 3 шт",https://www.wildberries.ru/catalog/210255664/detail.aspx/?targetUrl=EX,https://basket-14.wbbasket.ru/vol2102/part210255/210255664/images/big/1.webp,SYNERGETIC,"Сочный аромат для бодрого дня. Нежная и густая пена в 2 раза дольше используется, чем аналогичный объём жидкого мыла. Тренд 2025 года",new,Мыло-пенка,in stock
210262761,1499.0 RUB,532.0 RUB,"Мыло-пенка для рук и тела SYNERGETIC, 3 шт",https://www.wildberries.ru/catalog/210262761/detail.aspx/?targetUrl=EX,https://basket-14.wbbasket.ru/vol2102/part210262/210262761/images/big/1.webp,SYNERGETIC,"Сочный аромат для бодрого дня. Нежная и густая пена в 2 раза дольше используется, чем аналогичный объём жидкого мыла. Тренд 2025 года",new,Мыло-пенка,in stock
210268436,2999.0 RUB,862.0 RUB,"Мыло-пенка для рук и тела SYNERGETIC, 6 шт",https://www.wildberries.ru/catalog/210268436/detail.aspx/?targetUrl=EX,https://basket-14.wbbasket.ru/vol2102/part210268/210268436/images/big/1.webp,SYNERGETIC,"Сочный аромат для бодрого дня. Нежная и густая пена в 2 раза дольше используется, чем аналогичный объём жидкого мыла. Тренд 2025 года",new,Мыло-пенка,in stock
222849547,1005.0 RUB,366.0 RUB,Набор пенок для мытья посуды SYNERGETIC 2 шт,https://www.wildberries.ru/catalog/222849547/detail.aspx/?targetUrl=EX,https://basket-15.wbbasket.ru/vol2228/part222849/222849547/images/big/1.webp,SYNERGETIC,Бережна к рукам – беспощадна к жиру! В 2 раза больше чистой посуды. Полюби мыть посуду вместе с SYNERGETIC,new,Пенка для посуды,in stock
222849548,1005.0 RUB,511.0 RUB,Набор пенок для мытья посуды SYNERGETIC 2 шт,https://www.wildberries.ru/catalog/222849548/detail.aspx/?targetUrl=EX,https://basket-15.wbbasket.ru/vol2228/part222849/222849548/images/big/1.webp,SYNERGETIC,Бережна к рукам – беспощадна к жиру! В 2 раза больше чистой посуды. Полюби мыть посуду вместе с SYNERGETIC,new,Пенка для посуды,out of stock
222849549,1005.0 RUB,366.0 RUB,Набор пенок для мытья посуды SYNERGETIC 2 шт,https://www.wildberries.ru/catalog/222849549/detail.aspx/?targetUrl=EX,https://basket-15.wbbasket.ru/vol2228/part222849/222849549/images/big/1.webp,SYNERGETIC,Бережна к рукам – беспощадна к жиру! В 2 раза больше чистой посуды. Полюби мыть посуду вместе с SYNERGETIC,new,Пенка для посуды,in stock
222856398,1005.0 RUB,371.0 RUB,Мыло-пенка SYNERGETIC + пенка для посуды SYNERGETIC,https://www.wildberries.ru/catalog/222856398/detail.aspx/?targetUrl=EX,https://basket-15.wbbasket.ru/vol2228/part222856/222856398/images/big/1.webp,SYNERGETIC,Нежная густая пенка для посуды бережна к рукам – беспощадна к жиру! Мыло-пенка используется в 2 раза дольше обычного мыла,new,Мыло-пенка,in stock
222866575,1005.0 RUB,371.0 RUB,Мыло-пенка SYNERGETIC + пенка для посуды SYNERGETIC,https://www.wildberries.ru/catalog/222866575/detail.aspx/?targetUrl=EX,https://basket-15.wbbasket.ru/vol2228/part222866/222866575/images/big/1.webp,SYNERGETIC,Нежная густая пенка для посуды бережна к рукам – беспощадна к жиру! Мыло-пенка используется в 2 раза дольше обычного мыла,new,Мыло-пенка,in stock
222893007,1500.0 RUB,490.0 RUB,Мыло-пенка SYNERGETIC + пенка для посуды SYNERGETIC,https://www.wildberries.ru/catalog/222893007/detail.aspx/?targetUrl=EX,https://basket-15.wbbasket.ru/vol2228/part222893/222893007/images/big/1.webp,SYNERGETIC,Нежная густая пенка для посуды бережна к рукам – беспощадна к жиру! Мыло-пенка используется в 2 раза дольше обычного мыла,new,Мыло-пенка,out of stock
222893008,1500.0 RUB,462.0 RUB,Мыло-пенка SYNERGETIC + пенка для посуды SYNERGETIC,https://www.wildberries.ru/catalog/222893008/detail.aspx/?targetUrl=EX,https://basket-15.wbbasket.ru/vol2228/part222893/222893008/images/big/1.webp,SYNERGETIC,Нежная густая пенка для посуды бережна к рукам – беспощадна к жиру! Мыло-пенка используется в 2 раза дольше обычного мыла,new,Мыло-пенка,in stock
222893009,1500.0 RUB,662.0 RUB,Мыло-пенка SYNERGETIC + пенка для посуды SYNERGETIC,https://www.wildberries.ru/catalog/222893009/detail.aspx/?targetUrl=EX,https://basket-15.wbbasket.ru/vol2228/part222893/222893009/images/big/1.webp,SYNERGETIC,Нежная густая пенка для посуды бережна к рукам – беспощадна к жиру! Мыло-пенка используется в 2 раза дольше обычного мыла,new,Мыло-пенка,out of stock
225010445,1799.0 RUB,794.0 RUB,"Зубная паста с дозатором SYNERGETIC для чувствительных зубов SENSITIVE, 2 шт. по 240 гр.",https://www.wildberries.ru/catalog/225010445/detail.aspx/?targetUrl=EX,https://basket-15.wbbasket.ru/vol2250/part225010/225010445/images/big/1.webp,SYNERGETIC,"Зубная паста во флаконе SYNERGETIC для чувствительных зубов SENSITIVE бережно очищает и укрепляет зубную эмаль, препятствует образованию налета и снижает чувствительность зубов. Гидроксиапатит реминерализует, восстанавливает и укрепляет зубную эмаль.",new,Зубные пасты пампы,out of stock
225010446,1799.0 RUB,673.0 RUB,"Зубная паста с дозатором SYNERGETIC защита от кариеса CARIES PROTECTION, 2 шт. по 240 гр.",https://www.wildberries.ru/catalog/225010446/detail.aspx/?targetUrl=EX,https://basket-15.wbbasket.ru/vol2250/part225010/225010446/images/big/1.webp,SYNERGETIC,"Зубная паста во флаконе SYNERGETIC защита от кариеса CARIES PROTECTION - безопасная и эффективная паста с фтором, которая бережно очищает зубы, предупреждает образование и развитие кариеса и надолго обеспечивает свежее дыхание.",new,Зубные пасты пампы,out of stock
225010447,1799.0 RUB,794.0 RUB,"Зубная паста с дозатором SYNERGETIC комплексный уход и реминерализация ACTIVE, 2 шт. по 240 гр.",https://www.wildberries.ru/catalog/225010447/detail.aspx/?targetUrl=EX,https://basket-15.wbbasket.ru/vol2250/part225010/225010447/images/big/1.webp,SYNERGETIC,"Зубная паста во флаконе SYNERGETIC комплексный уход и реминерализация ACTIVE COMPLEX - это эффективная формула с фтором для комплексного ухода, которая оказывает мощное реминерализирующее действие на зубную эмаль.",new,Зубные пасты пампы,out of stock
225010449,1799.0 RUB,542.0 RUB,Зубная паста с дозатором SYNERGETIC (Отбеливающая ULTRA WHITE+Защита от кариеса CARIES PROTECTION),https://www.wildberries.ru/catalog/225010449/detail.aspx/?targetUrl=EX,https://basket-15.wbbasket.ru/vol2250/part225010/225010449/images/big/1.webp,SYNERGETIC,"Зубная паста во флаконе SYNERGETIC отбеливающая ULTRA WHITE - безопасная паста без фтора, которая эффективно очищает зубы и борется со скапливающимся на зубах налетом. Округлые частицы диоксида кремния эффективно полируют, не повреждая эмаль.",new,Зубные пасты пампы,in stock
225010450,1799.0 RUB,587.0 RUB,Зубная паста с дозатором SYNERGETIC (Комплексный уход и реминерализация ACTIVE COMPLEX+Для чувствительных зубов SENSITIVE),https://www.wildberries.ru/catalog/225010450/detail.aspx/?targetUrl=EX,https://basket-15.wbbasket.ru/vol2250/part225010/225010450/images/big/1.webp,SYNERGETIC,"Эффективная формула с фтором для комплексного ухода, которая оказывает мощное реминерализирующее действие на зубную эмаль. Монофторфосфат натрия мешает болезнетворным микроорганизмам разрушать зубную эмаль, обеспечивая профилактику кариеса.",new,Зубные пасты пампы,in stock
225232585,899.0 RUB,353.0 RUB,"Зубная паста с дозатором SYNERGETIC защита от кариеса CARIES PROTECTION, 240 г",https://www.wildberries.ru/catalog/225232585/detail.aspx/?targetUrl=EX,https://basket-15.wbbasket.ru/vol2252/part225232/225232585/images/big/1.webp,SYNERGETIC,"Зубная паста во флаконе SYNERGETIC защита от кариеса CARIES PROTECTION - безопасная и эффективная паста с фтором, которая бережно очищает зубы, предупреждает образование и развитие кариеса и надолго обеспечивает свежее дыхание.",new,Зубные пасты пампы,in stock
225236779,899.0 RUB,353.0 RUB,Зубная паста с дозатором SYNERGETIC отбеливающая ULTRA WHITE,https://www.wildberries.ru/catalog/225236779/detail.aspx/?targetUrl=EX,https://basket-15.wbbasket.ru/vol2252/part225236/225236779/images/big/1.webp,SYNERGETIC,"Зубная паста SYNERGETIC отбеливающая ULTRA WHITE - безопасная паста без фтора, которая эффективно очищает зубы и борется со скапливающимся на зубах налетом.",new,Зубные пасты пампы,in stock
225236780,899.0 RUB,483.0 RUB,"Зубная паста с дозатором SYNERGETIC комплексный уход и реминерализация ACTIVE COMPLEX, 240 г",https://www.wildberries.ru/catalog/225236780/detail.aspx/?targetUrl=EX,https://basket-15.wbbasket.ru/vol2252/part225236/225236780/images/big/1.webp,SYNERGETIC,"Зубная паста во флаконе SYNERGETIC комплексный уход и реминерализация ACTIVE COMPLEX - это эффективная формула с фтором для комплексного ухода, которая оказывает мощное реминерализирующее действие на зубную эмаль.",new,Зубные пасты пампы,out of stock
234401906,799.0 RUB,273.0 RUB,Мыло-пенка для рук и тела SYNERGETIC «Мятный лайм»,https://www.wildberries.ru/catalog/234401906/detail.aspx/?targetUrl=EX,https://basket-15.wbbasket.ru/vol2344/part234401/234401906/images/big/1.webp,SYNERGETIC,"Сочный аромат для бодрого дня. Нежная и густая пена в 2 раза дольше используется, чем аналогичный объём жидкого мыла. Тренд 2025 года",new,Мыло-пенка,in stock
234401907,799.0 RUB,273.0 RUB,Мыло-пенка для рук и тела SYNERGETIC «Свежесть алоэ»,https://www.wildberries.ru/catalog/234401907/detail.aspx/?targetUrl=EX,https://basket-15.wbbasket.ru/vol2344/part234401/234401907/images/big/1.webp,SYNERGETIC,"Сочный аромат для бодрого дня. Нежная и густая пена в 2 раза дольше используется, чем аналогичный объём жидкого мыла. Тренд 2025 года",new,Мыло-пенка,in stock
234401908,799.0 RUB,322.0 RUB,Мыло-пенка для рук и тела SYNERGETIC «Миндальное мороженое»,https://www.wildberries.ru/catalog/234401908/detail.aspx/?targetUrl=EX,https://basket-15.wbbasket.ru/vol2344/part234401/234401908/images/big/1.webp,SYNERGETIC,"Сочный аромат для бодрого дня. Нежная и густая пена в 2 раза дольше используется, чем аналогичный объём жидкого мыла. Тренд 2025 года",new,Мыло-пенка,out of stock
234401909,799.0 RUB,322.0 RUB,Мыло-пенка для рук и тела SYNERGETIC «Ванильный кокос»,https://www.wildberries.ru/catalog/234401909/detail.aspx/?targetUrl=EX,https://basket-15.wbbasket.ru/vol2344/part234401/234401909/images/big/1.webp,SYNERGETIC,"Сочный аромат для бодрого дня. Нежная и густая пена в 2 раза дольше используется, чем аналогичный объём жидкого мыла. Тренд 2025 года",new,Мыло-пенка,out of stock
234401910,799.0 RUB,322.0 RUB,Мыло-пенка для рук и тела SYNERGETIC «Сочное манго»,https://www.wildberries.ru/catalog/234401910/detail.aspx/?targetUrl=EX,https://basket-15.wbbasket.ru/vol2344/part234401/234401910/images/big/1.webp,SYNERGETIC,"Сочный аромат для бодрого дня. Нежная и густая пена в 2 раза дольше используется, чем аналогичный объём жидкого мыла. Тренд 2025 года",new,Мыло-пенка,out of stock
234582496,799.0 RUB,273.0 RUB,Пенка для мытья посуды SYNERGETIC «Ромашка и липовый цвет»,https://www.wildberries.ru/catalog/234582496/detail.aspx/?targetUrl=EX,https://basket-15.wbbasket.ru/vol2345/part234582/234582496/images/big/1.webp,SYNERGETIC,Бережна к рукам – беспощадна к жиру! В 2 раза больше чистой посуды. Полюби мыть посуду вместе с SYNERGETIC,new,Пенка для посуды,in stock
234582498,799.0 RUB,273.0 RUB,Пенка для мытья посуды SYNERGETIC «Алoэ и экстракт хлопка»,https://www.wildberries.ru/catalog/234582498/detail.aspx/?targetUrl=EX,https://basket-15.wbbasket.ru/vol2345/part234582/234582498/images/big/1.webp,SYNERGETIC,Бережна к рукам – беспощадна к жиру! В 2 раза больше чистой посуды. Полюби мыть посуду вместе с SYNERGETIC,new,Пенка для посуды,in stock
234582499,799.0 RUB,273.0 RUB,Пенка для мытья посуды SYNERGETIC «Морcкие минералы»,https://www.wildberries.ru/catalog/234582499/detail.aspx/?targetUrl=EX,https://basket-15.wbbasket.ru/vol2345/part234582/234582499/images/big/1.webp,SYNERGETIC,Бережна к рукам – беспощадна к жиру! В 2 раза больше чистой посуды. Полюби мыть посуду вместе с SYNERGETIC,new,Пенка для посуды,in stock
245009153,1999.0 RUB,671.0 RUB,"Пенка для мытья посуды SYNERGETIC «Алoэ и экстракт хлопка» 3,5л + Пенка 0,5л в подарок!",https://www.wildberries.ru/catalog/245009153/detail.aspx/?targetUrl=EX,https://basket-16.wbbasket.ru/vol2450/part245009/245009153/images/big/1.webp,SYNERGETIC,Бережна к рукам – беспощадна к жиру! В 2 раза больше чистой посуды. Полюби мыть посуду вместе с SYNERGETIC,new,Пенка для посуды,in stock
245009154,1999.0 RUB,671.0 RUB,"Пенка для мытья посуды SYNERGETIC «Лайм и краcный апельсин» 3,5л + Пенка 0,5л в подарок!",https://www.wildberries.ru/catalog/245009154/detail.aspx/?targetUrl=EX,https://basket-16.wbbasket.ru/vol2450/part245009/245009154/images/big/1.webp,SYNERGETIC,Бережна к рукам – беспощадна к жиру! В 2 раза больше чистой посуды. Полюби мыть посуду вместе с SYNERGETIC,new,Пенка для посуды,in stock
245026061,1999.0 RUB,681.0 RUB,"Мыло-пенка SYNERGETIC «Ванильный кокос», 3,5 л + Мыло 0,5 л в подарок!",https://www.wildberries.ru/catalog/245026061/detail.aspx/?targetUrl=EX,https://basket-16.wbbasket.ru/vol2450/part245026/245026061/images/big/1.webp,SYNERGETIC,"Сочный аромат для бодрого дня. Нежная и густая пена в 2 раза дольше используется, чем аналогичный объём жидкого мыла. Тренд 2025 года",new,Мыло-пенка,in stock
245026062,1999.0 RUB,681.0 RUB,"Мыло-пенка SYNERGETIC «Миндальное мороженое», 3,5 л + Мыло 0,5 л в подарок!",https://www.wildberries.ru/catalog/245026062/detail.aspx/?targetUrl=EX,https://basket-16.wbbasket.ru/vol2450/part245026/245026062/images/big/1.webp,SYNERGETIC,"Сочный аромат для бодрого дня. Нежная и густая пена в 2 раза дольше используется, чем аналогичный объём жидкого мыла. Тренд 2025 года",new,Мыло-пенка,in stock
245026063,1999.0 RUB,616.0 RUB,"Мыло-пенка SYNERGETIC «Свежесть алоэ», 3,5 л + Мыло 0,5 л в подарок!",https://www.wildberries.ru/catalog/245026063/detail.aspx/?targetUrl=EX,https://basket-16.wbbasket.ru/vol2450/part245026/245026063/images/big/1.webp,SYNERGETIC,"Сочный аромат для бодрого дня. Нежная и густая пена в 2 раза дольше используется, чем аналогичный объём жидкого мыла. Тренд 2025 года",new,Мыло-пенка,in stock
251815746,1500.0 RUB,504.0 RUB,Пенка для купания SYNERGETIC + мыло-пенка для рук и тела SYNERGETIC,https://www.wildberries.ru/catalog/251815746/detail.aspx/?targetUrl=EX,https://basket-16.wbbasket.ru/vol2518/part251815/251815746/images/big/1.webp,SYNERGETIC,"Сочный аромат для бодрого дня. Нежная и густая пена в 2 раза дольше используется, чем аналогичный объём жидкого мыла. Тренд 2025 года",new,Мыло-пенка,in stock
14793792,2015.0 RUB,596.0 RUB,"Кондиционер для белья SYNERGETIC «Лавандовое поле» 5л, 165 стирок, гипоаллергенный",https://www.wildberries.ru/catalog/14793792/detail.aspx/?targetUrl=EX,https://basket-02.wbbasket.ru/vol147/part14793/14793792/images/big/1.webp,SYNERGETIC,"Гипоаллергенный кондиционер бережно ухаживает за всеми типами ткани, придает особую мягкость белью и антистатический эффект. Комплекс растительных К-тензидов обеспечивает легкую глажку белья. Натуральные эфирные масла придают нежный аромат",new,Кондиционеры,in stock
122918907,2015.0 RUB,514.0 RUB,"Кондиционер для белья SYNERGETIC «Бескрайний океан» 5л, 165 стирок, гипоаллергенный",https://www.wildberries.ru/catalog/122918907/detail.aspx/?targetUrl=EX,https://basket-09.wbbasket.ru/vol1229/part122918/122918907/images/big/1.webp,SYNERGETIC,"Гипоаллергенный кондиционер бережно ухаживает за всеми типами ткани, придает особую мягкость белью и антистатический эффект. Комплекс растительных К-тензидов обеспечивает легкую глажку белья. Натуральные эфирные масла придают нежный аромат",new,Кондиционеры,in stock
152336966,4099.0 RUB,1393.0 RUB,Гель для стирки SYNERGETIC 2в1 с пятновыводителем 5л + Кондиционер для белья 5л «Бескрайний океан»,https://www.wildberries.ru/catalog/152336966/detail.aspx/?targetUrl=EX,https://basket-10.wbbasket.ru/vol1523/part152336/152336966/images/big/1.webp,SYNERGETIC,"SYNERGETIC для стирки — натуральный, биоразлагаемый и гипоаллергенный. Подходит даже людям с чувствительной кожей. Полностью выполаскивается из волокон ткани на 100%. Помогает вещам сохранить первоначальный вид. Канистры хватит надолго",new,Стирка,in stock
225010448,1799.0 RUB,587.0 RUB,"Зубная паста с дозатором SYNERGETIC отбеливающая ULTRA WHITE, 2 шт. по 240 гр.",https://www.wildberries.ru/catalog/225010448/detail.aspx/?targetUrl=EX,https://basket-15.wbbasket.ru/vol2250/part225010/225010448/images/big/1.webp,SYNERGETIC,"Зубная паста SYNERGETIC отбеливающая ULTRA WHITE - безопасная паста без фтора, которая эффективно очищает зубы и борется со скапливающимся на зубах налетом.",new,Зубные пасты пампы,in stock
225223463,899.0 RUB,353.0 RUB,"Зубная паста с дозатором SYNERGETIC для чувствительных зубов SENSITIVE, 240 г",https://www.wildberries.ru/catalog/225223463/detail.aspx/?targetUrl=EX,https://basket-15.wbbasket.ru/vol2252/part225223/225223463/images/big/1.webp,SYNERGETIC,"Зубная паста во флаконе SYNERGETIC для чувствительных зубов SENSITIVE бережно очищает и укрепляет зубную эмаль, препятствует образованию налета и снижает чувствительность зубов. Гидроксиапатит реминерализует, восстанавливает и укрепляет зубную эмаль.",new,Зубные пасты пампы,in stock
234401911,799.0 RUB,322.0 RUB,Мыло-пенка для рук и тела SYNERGETIC «Ягодный мусс»,https://www.wildberries.ru/catalog/234401911/detail.aspx/?targetUrl=EX,https://basket-15.wbbasket.ru/vol2344/part234401/234401911/images/big/1.webp,SYNERGETIC,"Сочный аромат для бодрого дня. Нежная и густая пена в 2 раза дольше используется, чем аналогичный объём жидкого мыла. Тренд 2025 года",new,Мыло-пенка,out of stock
234582500,799.0 RUB,273.0 RUB,Пенка для мытья детской посуды SYNERGETIC,https://www.wildberries.ru/catalog/234582500/detail.aspx/?targetUrl=EX,https://basket-15.wbbasket.ru/vol2345/part234582/234582500/images/big/1.webp,SYNERGETIC,Бережна к рукам – беспощадна к жиру! В 2 раза больше чистой посуды. Полюби мыть посуду вместе с SYNERGETIC,new,Пенка для посуды,in stock
152332626,4099.0 RUB,1393.0 RUB,Гель для стирки SYNERGETIC 2в1 с пятновыводителем 5л + Кондиционер «Магическая орхидея» 5л,https://www.wildberries.ru/catalog/152332626/detail.aspx/?targetUrl=EX,https://basket-10.wbbasket.ru/vol1523/part152332/152332626/images/big/1.webp,SYNERGETIC,"SYNERGETIC для стирки — натуральный, биоразлагаемый и гипоаллергенный. Подходит даже людям с чувствительной кожей. Полностью выполаскивается из волокон ткани на 100%. Помогает вещам сохранить первоначальный вид. Канистры хватит надолго",new,Стирка,in stock
234582497,799.0 RUB,322.0 RUB,Пенка для мытья посуды SYNERGETIC «Лайм и краcный апельсин»,https://www.wildberries.ru/catalog/234582497/detail.aspx/?targetUrl=EX,https://basket-15.wbbasket.ru/vol2345/part234582/234582497/images/big/1.webp,SYNERGETIC,Бережна к рукам – беспощадна к жиру! В 2 раза больше чистой посуды. Полюби мыть посуду вместе с SYNERGETIC,new,Пенка для посуды,out of stock
27530247,3300.0 RUB,951.0 RUB,"Гель для стирки SYNERGETIC 2в1 c пятновыводителем 5л, 165 стирок",https://www.wildberries.ru/catalog/27530247/detail.aspx/?targetUrl=EX,https://basket-02.wbbasket.ru/vol275/part27530/27530247/images/big/1.webp,SYNERGETIC,Гипоаллергенный гель для стирки эффективно справляется с пятнами и другими загрязнениями за счёт формулы с пятновыводителем в составе. Подходят даже людям с чувствительной кожей. Канистры хватит надолго даже большой семье.,new,Стирка,in stock
245009155,1999.0 RUB,671.0 RUB,"Пенка для мытья посуды SYNERGETIC «Ромашка и липовый цвет» 3,5л + Пенка 0,5л в подарок!",https://www.wildberries.ru/catalog/245009155/detail.aspx/?targetUrl=EX,https://basket-16.wbbasket.ru/vol2450/part245009/245009155/images/big/1.webp,SYNERGETIC,Бережна к рукам – беспощадна к жиру! В 2 раза больше чистой посуды. Полюби мыть посуду вместе с SYNERGETIC,new,Пенка для посуды,in stock
